"","unique_ID","Long","Lat","BIO1","BIO2","BIO3","BIO4","BIO5","BIO6","BIO7","BIO8","BIO9","BIO10","BIO11","BIO12","BIO13","BIO14","BIO15","BIO16","BIO17","BIO18","BIO19","species","year","Genus","Subgenus","Section","Series","Subseries","Species","Subspecies"
"1","1131",118.73,-34.4058333333333,158,113,56,3217,269,68,201,119,199,199,118,519,66,18,39,181,66,68,178,"Eucalyptus rudis subsp. rudis",1995,"Eucalyptus","Symphyomyrtus","Exsertaria","Exsertae","Rostratae","rudis","rudis"
"2","1146",115.067222222222,-33.56,168,95,52,2946,272,91,181,142,206,208,134,833,171,12,81,456,37,43,450,"Eucalyptus rudis subsp. cratyantha",1995,"Eucalyptus","Symphyomyrtus","Exsertaria","Exsertae","Rostratae","rudis","cratyantha"
"3","1154",115.575555555556,-30.4369444444444,180,127,50,4475,322,72,250,126,237,239,126,597,131,9,81,331,37,41,331,"Eucalyptus absita",1995,"Eucalyptus","Symphyomyrtus","Adnataria","Lucasianae",NA,"absita",NA
"4","1178",113.488055555556,-24.0177777777778,228,114,48,4168,347,111,236,185,238,281,173,235,51,1,81,131,7,66,104,"Eucalyptus victrix",1995,"Eucalyptus","Symphyomyrtus","Adnataria","Striolatae",NA,"victrix",NA
"5","1183",114.050555555556,-22.1186111111111,243,133,51,4534,371,115,256,192,259,299,182,259,47,1,74,116,7,100,85,"Eucalyptus xerothermica",1995,"Eucalyptus","Symphyomyrtus","Adnataria","Striolatae",NA,"xerothermica",NA
"6","1187",117.516666666667,-22.7141666666667,254,145,48,5566,398,98,300,314,259,319,177,337,70,3,77,184,12,172,51,"Eucalyptus xerothermica",1995,"Eucalyptus","Symphyomyrtus","Adnataria","Striolatae",NA,"xerothermica",NA
"7","1202",127.625,-22.8280555555556,245,149,48,5770,387,79,308,309,184,309,165,253,45,5,64,125,19,125,26,"Eucalyptus normantonensis",1995,"Eucalyptus","Symphyomyrtus","Adnataria","Buxeales","Subplatyphyllae","normantonensis",NA
"8","1206",131.560277777778,-23.2041666666667,221,154,48,5833,366,49,317,280,160,288,141,311,48,10,50,132,33,128,39,"Eucalyptus camaldulensis subsp. arida",1995,"Eucalyptus","Symphyomyrtus","Exsertaria","Exsertae","Rostratae","camaldulensis","arida"
"9","1207",132.567222222222,-23.6358333333333,209,157,48,6010,362,36,326,270,147,279,127,303,39,12,37,112,42,112,48,"Eucalyptus normantonensis",1995,"Eucalyptus","Symphyomyrtus","Adnataria","Buxeales","Subplatyphyllae","normantonensis",NA
"10","1209",133.857222222222,-23.725,209,162,48,6048,369,35,334,280,147,280,127,282,37,9,43,111,35,111,42,"Eucalyptus gillenii",1995,"Eucalyptus","Symphyomyrtus","Exsertaria","Exsertae","Exsertae","gillenii",NA
"11","1220",147.301111111111,-33.9036111111111,166,130,44,5718,321,32,289,170,93,240,93,504,53,31,13,136,116,124,116,"Eucalyptus microcarpa",1996,"Eucalyptus","Symphyomyrtus","Adnataria","Subbuxeales",NA,"microcarpa",NA
"12","1223",149.358333333333,-33.4352777777778,114,120,46,4930,255,-3,258,82,118,177,51,863,90,58,15,246,183,231,226,"Eucalyptus rubida subsp. rubida",1996,"Eucalyptus","Symphyomyrtus","Maidenaria","Viminales","Circulares","rubida","rubida"
"13","1224",150.030277777778,-33.4627777777778,115,111,46,4647,244,3,241,174,62,174,54,922,109,60,18,285,196,285,206,"Eucalyptus aggregata",1996,"Eucalyptus","Symphyomyrtus","Maidenaria","Foveolatae",NA,"aggregata",NA
"14","1225",150.116944444444,-33.5202777777778,123,114,46,4645,251,6,245,181,69,181,61,870,107,50,21,278,175,278,182,"Eucalyptus blaxlandii",1997,"Eucalyptus","Eucalyptus","Eucalyptus","Pachyphloiae",NA,"blaxlandii",NA
"15","1226",150.11,-33.5475,124,115,46,4664,253,6,247,182,72,182,63,860,106,49,20,274,173,274,181,"Eucalyptus pulverulenta",1996,"Eucalyptus","Symphyomyrtus","Maidenaria","Viminales","Circulares","pulverulenta",NA
"16","1227",150.371666666667,-33.7275,130,111,46,4506,250,12,238,182,79,185,70,1280,169,57,32,477,196,433,247,"Eucalyptus baeuerlenii",1996,"Eucalyptus","Symphyomyrtus","Maidenaria","Viminales","Lanceolatae","baeuerlenii",NA
"17","1233",151.629722222222,-31.7066666666667,146,126,50,4540,268,17,251,199,95,202,86,965,139,42,37,375,131,357,154,"Eucalyptus moorei subsp. serpentinicola",1996,"Eucalyptus","Eucalyptus","Eucalyptus","Longitudinales",NA,"moorei","serpentinicola"
"18","1235",151.626666666667,-31.7169444444444,158,129,50,4509,281,27,254,210,106,213,98,931,137,38,40,369,120,351,139,"Eucalyptus eugenioides",1996,"Eucalyptus","Eucalyptus","Eucalyptus","Pachyphloiae",NA,"eugenioides",NA
"19","1239",152.813611111111,-31.2830555555556,178,105,50,3640,269,63,206,221,135,221,128,1417,181,51,36,510,174,455,246,"Eucalyptus propinqua",1996,"Eucalyptus","Symphyomyrtus","Exsertaria","Connexentes",NA,"propinqua",NA
"20","1241",153.064722222222,-29.9016666666667,187,105,49,3762,280,67,213,230,143,232,135,1439,190,46,40,552,165,497,229,"Eucalyptus bancroftii",1996,"Eucalyptus","Symphyomyrtus","Exsertaria","'Liberivalvae' ms",NA,"bancroftii",NA
"21","1242",153.064722222222,-29.9016666666667,187,105,49,3762,280,67,213,230,143,232,135,1439,190,46,40,552,165,497,229,"Eucalyptus tetrapleura",2000,"Eucalyptus","Symphyomyrtus","Adnataria","Rhodoxyla","Concolores","tetrapleura",NA
"22","1243",153.064722222222,-29.9016666666667,187,105,49,3762,280,67,213,230,143,232,135,1439,190,46,40,552,165,497,229,"Eucalyptus tindaliae",1997,"Eucalyptus","Eucalyptus","Eucalyptus","Pachyphloiae",NA,"tindaliae",NA
"23","1245",152.705,-28.9330555555556,186,125,52,4060,296,56,240,231,139,234,130,1142,179,37,47,473,124,469,142,"Eucalyptus rummeryi",2000,"Eucalyptus","Symphyomyrtus","Adnataria","Buxeales","Amissae","rummeryi",NA
"24","1248",152.315,-28.9244444444444,152,115,50,4177,260,30,230,202,103,202,94,1180,164,47,41,469,156,469,167,"Eucalyptus campanulata",2000,"Eucalyptus","Eucalyptus","Eucalyptus","Psathyroxyla","Considenianae","campanulata",NA
"25","1249",151.979444444444,-28.8669444444444,138,119,49,4483,254,12,242,192,77,192,77,964,120,51,31,352,166,352,166,"Eucalyptus caliginosa",1997,"Eucalyptus","Eucalyptus","Eucalyptus","Pachyphloiae",NA,"caliginosa",NA
"26","1254",151.703055555556,-28.3994444444444,158,133,50,4840,284,18,266,216,92,216,92,749,96,36,31,271,127,271,127,"Eucalyptus infera",1996,"Eucalyptus","Symphyomyrtus","Exsertaria","Exsertae","Erythroxyla","infera",NA
"27","1255",151.925,-28.3002777777778,168,135,50,4707,292,25,267,224,103,224,103,698,95,28,37,265,107,265,107,"Eucalyptus chloroclada",1996,"Eucalyptus","Symphyomyrtus","Exsertaria","Exsertae","Erythroxyla","chloroclada",NA
"28","1257",152.307777777778,-28.3911111111111,162,127,50,4337,279,29,250,213,112,213,102,984,128,40,37,372,140,372,153,"Eucalyptus dunnii",1996,"Eucalyptus","Symphyomyrtus","Maidenaria","Bridgesianae",NA,"dunnii",NA
"29","1260",151.150555555556,-25.3808333333333,204,141,52,4510,324,55,269,255,153,255,140,739,104,28,42,293,97,293,106,"Eucalyptus decorticans",1996,"Eucalyptus","Symphyomyrtus","Adnataria","Siderophloiae",NA,"decorticans",NA
"30","1261",151.133611111111,-25.3005555555556,202,140,52,4474,321,54,267,253,151,253,139,750,107,28,43,301,98,301,107,"Eucalyptus exserta",1996,"Eucalyptus","Symphyomyrtus","Exsertaria","Exsertae","Exsertae","exserta",NA
"31","1263",150.609722222222,-25.3544444444444,194,145,52,4764,319,41,278,249,140,249,127,686,98,28,44,281,97,281,101,"Eucalyptus apothalassica",1996,"Eucalyptus","Eucalyptus","Eucalyptus","White-mahoganies",NA,"apothalassica",NA
"32","1264",150.304166666667,-25.4602777777778,195,146,51,4888,323,41,282,252,141,252,127,703,102,29,42,284,100,284,103,"Eucalyptus corynodes",1996,"Eucalyptus","Symphyomyrtus","Adnataria","Rhodoxyla","Concolores","corynodes",NA
"33","1267",149.971111111111,-25.1925,200,148,52,4903,328,45,283,257,146,257,132,697,101,27,43,286,97,286,101,"Eucalyptus suffulgens",1996,"Eucalyptus","Symphyomyrtus","Adnataria","Rhodoxyla","Concolores","suffulgens",NA
"34","1275",148.038333333333,-24.9122222222222,172,150,50,5272,311,14,297,233,114,233,99,748,109,22,47,321,91,321,102,"Eucalyptus melanophloia subsp. melanophloia",1996,"Eucalyptus","Symphyomyrtus","Adnataria","Siderophloiae",NA,"melanophloia","melanophloia"
"35","1276",148.075277777778,-24.0830555555556,202,146,51,4913,334,50,284,259,149,259,134,739,131,22,57,350,80,350,87,"Eucalyptus sicilifolia",1996,"Eucalyptus","Symphyomyrtus","Adnataria","Rhodoxyla","Concolores","sicilifolia",NA
"36","1281",146.256111111111,-23.6197222222222,214,150,51,5050,348,56,292,272,160,272,144,575,102,15,56,262,65,262,71,"Eucalyptus thozetiana",1996,"Eucalyptus","Symphyomyrtus","Adnataria","Subbuxeales",NA,"thozetiana",NA
"37","1284",145.718333333333,-23.56,223,148,51,5076,356,66,290,280,168,280,152,521,93,12,56,235,57,235,65,"Eucalyptus ammophila",1996,"Eucalyptus","Symphyomyrtus","Exsertaria","Exsertae","Exsertae","ammophila",NA
"38","1285",145.718333333333,-23.56,223,148,51,5076,356,66,290,280,168,280,152,521,93,12,56,235,57,235,65,"Eucalyptus melanophloia subsp. melanophloia",1996,"Eucalyptus","Symphyomyrtus","Adnataria","Siderophloiae",NA,"melanophloia","melanophloia"
"39","1289",145.222222222222,-20.7108333333333,227,137,53,4247,346,88,258,273,181,273,166,632,140,8,84,358,37,358,45,"Eucalyptus exilipes",1996,"Eucalyptus","Symphyomyrtus","Adnataria","Siderophloiae",NA,"exilipes",NA
"40","1291",145.254166666667,-20.6611111111111,230,136,53,4191,347,92,255,269,185,276,170,653,147,8,85,372,36,372,44,"Eucalyptus persistens",1996,"Eucalyptus","Symphyomyrtus","Adnataria","Buxeales","Subplatyphyllae","persistens",NA
"41","1292",145.254166666667,-20.6611111111111,230,136,53,4191,347,92,255,269,185,276,170,653,147,8,85,372,36,372,44,"Eucalyptus shirleyi",1996,"Eucalyptus","Symphyomyrtus","Adnataria","Siderophloiae",NA,"shirleyi",NA
"42","1293",145.362222222222,-20.5588888888889,230,135,53,4151,347,93,254,270,186,276,171,688,155,9,85,393,39,389,46,"Eucalyptus brownii",1996,"Eucalyptus","Symphyomyrtus","Adnataria","Buxeales","Subplatyphyllae","brownii",NA
"43","1296",146.694444444444,-19.8338888888889,235,114,53,3441,328,115,213,269,197,273,186,737,165,6,91,445,29,425,40,"Eucalyptus platyphylla",1996,"Eucalyptus","Symphyomyrtus","Exsertaria","Exsertae","Subexsertae","platyphylla",NA
"44","1298",146.808333333333,-19.3608333333333,234,101,53,3149,313,123,190,265,197,268,188,1011,241,9,99,655,34,604,45,"Eucalyptus paedoglauca",1998,"Eucalyptus","Symphyomyrtus","Adnataria","Siderophloiae",NA,"paedoglauca",NA
"45","1300",146.270833333333,-19.0077777777778,220,105,53,3219,307,110,197,252,184,256,174,1083,232,16,88,654,52,574,63,"Eucalyptus reducta",1996,"Eucalyptus","Eucalyptus","Eucalyptus","Pachyphloiae",NA,"reducta",NA
"46","1305",145.346111111111,-17.3872222222222,197,112,57,2818,288,93,195,223,166,228,157,1151,232,19,86,680,58,595,75,"Eucalyptus granitica",1996,"Eucalyptus","Symphyomyrtus","Adnataria","Siderophloiae",NA,"granitica",NA
"47","1308",145.332222222222,-17.3869444444444,200,112,57,2809,291,95,196,226,169,230,160,1085,224,16,89,653,48,581,62,"Eucalyptus atrata",1996,"Eucalyptus","Symphyomyrtus","Adnataria","Siderophloiae",NA,"atrata",NA
"48","1309",145.529444444444,-17.0961111111111,213,100,56,2607,295,119,176,238,200,242,176,1930,382,37,80,1100,124,903,156,"Eucalyptus insulana",1996,"Eucalyptus","Symphyomyrtus","Exsertaria","Exsertae","Exsertae","insulana",NA
"49","1313",144.527222222222,-15.6497222222222,255,107,61,2129,337,164,173,273,231,279,224,1067,273,3,110,719,11,482,20,"Eucalyptus leptophleba",1996,"Eucalyptus","Symphyomyrtus","Adnataria","Striolatae",NA,"leptophleba",NA
"50","1314",144.439166666667,-15.5552777777778,259,108,62,2092,341,167,174,276,235,282,228,979,256,1,113,665,6,463,13,"Eucalyptus camaldulensis subsp. simulata",1996,"Eucalyptus","Symphyomyrtus","Exsertaria","Exsertae","Rostratae","camaldulensis","simulata"
"51","1315",144.4425,-15.3597222222222,259,105,62,2072,339,170,169,276,235,282,229,1042,274,3,113,710,9,476,17,"Eucalyptus chlorophylla",1996,"Eucalyptus","Symphyomyrtus","Adnataria","Striolatae",NA,"chlorophylla",NA
"52","1316",144.8075,-15.3041666666667,255,91,61,2004,325,176,149,273,232,277,226,1364,333,9,103,895,30,531,45,"Eucalyptus brassiana",1996,"Eucalyptus","Symphyomyrtus","Exsertaria","Exsertae","Exsertae","brassiana",NA
"53","1317",144.837777777778,-15.3075,254,89,60,2000,323,176,147,272,230,275,225,1412,341,10,101,919,35,538,51,"Eucalyptus drepanophylla",1996,"Eucalyptus","Symphyomyrtus","Adnataria","Siderophloiae",NA,"drepanophylla",NA
"54","1322",144.831944444444,-15.9616666666667,236,104,61,2194,317,147,170,255,211,260,204,1373,321,11,99,884,39,545,50,"Eucalyptus cullenii",1996,"Eucalyptus","Symphyomyrtus","Adnataria","Siderophloiae",NA,"cullenii",NA
"55","1323",145.464722222222,-17.5886111111111,198,110,56,2886,288,93,195,225,165,229,156,1459,298,32,79,833,101,680,129,"Eucalyptus lockyeri",1996,"Eucalyptus","Symphyomyrtus","Exsertaria","Exsertae","Exsertae","lockyeri",NA
"56","1326",143.603888888889,-18.5861111111111,242,150,57,3626,361,102,259,271,204,282,190,809,232,4,117,562,13,397,16,"Eucalyptus microneura",1996,"Eucalyptus","Symphyomyrtus","Adnataria","Striolatae",NA,"microneura",NA
"57","1329",140.207222222222,-19.8916666666667,257,142,52,4456,378,108,270,295,209,305,193,515,144,3,108,342,15,244,16,"Eucalyptus pruinosa subsp. pruinosa",1996,"Eucalyptus","Symphyomyrtus","Adnataria","Striolatae",NA,"pruinosa","pruinosa"
"58","1330",139.453055555556,-20.88,240,149,51,5025,370,78,292,295,168,295,168,418,98,4,93,252,18,252,18,"Eucalyptus melanophloia subsp. nana",1996,"Eucalyptus","Symphyomyrtus","Adnataria","Siderophloiae",NA,"melanophloia","nana"
"59","1331",139.533611111111,-20.5580555555556,245,146,51,4856,372,86,286,298,176,298,176,428,103,4,97,264,16,264,16,"Eucalyptus leucophylla",1996,"Eucalyptus","Symphyomyrtus","Adnataria","Striolatae",NA,"leucophylla",NA
"60","1334",134.166666666667,-19.1891666666667,258,136,50,4603,379,111,268,306,192,307,192,417,107,1,103,267,12,193,12,"Eucalyptus chlorophylla",1996,"Eucalyptus","Symphyomyrtus","Adnataria","Striolatae",NA,"chlorophylla",NA
"61","1338",133.454166666667,-17.2597222222222,266,153,54,4142,388,109,279,297,206,311,206,552,145,1,105,366,8,248,8,"Eucalyptus microtheca",1996,"Eucalyptus","Symphyomyrtus","Adnataria","Striolatae",NA,"microtheca",NA
"62","1339",133.391666666667,-16.2722222222222,264,149,56,3640,377,114,263,289,211,303,211,699,181,0,108,461,9,333,9,"Eucalyptus patellaris",1996,"Eucalyptus","Symphyomyrtus","Adnataria","Striolatae",NA,"patellaris",NA
"63","1353",132.650833333333,-24,200,158,47,6098,356,26,330,272,136,272,117,323,39,14,33,114,48,114,54,"Eucalyptus lucens",1996,"Eucalyptus","Symphyomyrtus","Adnataria","Heterophloiae",NA,"lucens",NA
"64","1355",133.182777777778,-24.7361111111111,214,159,48,6173,372,41,331,278,151,288,131,236,36,10,40,89,31,89,35,"Eucalyptus coolabah",1996,"Eucalyptus","Symphyomyrtus","Adnataria","Striolatae",NA,"coolabah",NA
"65","1363",138.785,-35.0211111111111,143,112,50,3896,271,49,222,93,192,192,93,870,131,25,51,356,82,82,356,"Eucalyptus dalrympleana subsp. dalrympleana",1996,"Eucalyptus","Symphyomyrtus","Maidenaria","Viminales","Circulares","dalrympleana","dalrympleana"
"66","1588",140.773611111111,-35.4663888888889,156,140,52,4417,308,42,266,100,211,212,100,382,46,19,30,127,58,61,127,"Eucalyptus arenacea",1997,"Eucalyptus","Eucalyptus","Eucalyptus","Pachyphloiae",NA,"arenacea",NA
"67","1590",140.733611111111,-36.0652777777778,151,136,53,4168,299,44,255,105,203,205,98,459,60,18,36,162,59,64,161,"Eucalyptus wimmerensis",1996,"Eucalyptus","Symphyomyrtus","Adnataria","Subbuxeales",NA,"wimmerensis",NA
"68","1594",140.998055555556,-37.7611111111111,136,103,51,3224,250,51,199,95,178,178,95,742,102,23,42,289,86,86,289,"Eucalyptus ovata subsp. grandiflora",1996,"Eucalyptus","Symphyomyrtus","Maidenaria","Foveolatae",NA,"ovata","grandiflora"
"69","1676",138.158888888889,-32.9175,158,130,48,4921,304,38,266,103,219,220,95,565,73,20,43,214,64,66,211,"Eucalyptus albens",1997,"Eucalyptus","Symphyomyrtus","Adnataria","Subbuxeales",NA,"albens",NA
"70","1703",129.874722222222,-27.0388888888889,196,157,48,5883,358,33,325,267,133,267,117,245,30,11,29,85,37,85,41,"Eucalyptus gillenii",1997,"Eucalyptus","Symphyomyrtus","Exsertaria","Exsertae","Exsertae","gillenii",NA
"71","1716",139.731944444444,-36.2816666666667,152,108,53,3348,268,66,202,109,194,194,109,523,75,16,46,211,57,57,211,"Eucalyptus fasciculosa",1997,"Eucalyptus","Symphyomyrtus","Adnataria","Heterophloiae",NA,"fasciculosa",NA
"72","1720",141.442222222222,-38.2386111111111,133,87,52,2753,226,59,167,98,166,169,98,833,111,23,40,321,104,108,321,"Eucalyptus kitsoniana",1997,"Eucalyptus","Symphyomyrtus","Maidenaria","Viminales","Lanceolatae","kitsoniana",NA
"73","1722",141.453888888889,-38.2352777777778,133,87,52,2753,226,59,167,98,166,169,98,833,111,23,40,321,104,108,321,"Eucalyptus splendens",1997,"Eucalyptus","Symphyomyrtus","Maidenaria","Viminales","Lanceolatae","splendens",NA
"74","1724",143.2525,-38.7411111111111,131,82,49,2964,226,59,167,94,171,171,94,1143,145,45,33,403,157,157,403,"Eucalyptus viminalis subsp. viminalis",1997,"Eucalyptus","Symphyomyrtus","Maidenaria","Viminales","Lanceolatae","viminalis","viminalis"
"75","1725",143.251388888889,-38.7358333333333,131,82,49,2964,226,59,167,94,171,171,94,1143,145,45,33,403,157,157,403,"Eucalyptus strzeleckii",1997,"Eucalyptus","Symphyomyrtus","Maidenaria","Foveolatae",NA,"strzeleckii",NA
"76","1726",143.836388888889,-38.6886111111111,133,84,48,3083,230,57,173,98,174,174,94,985,122,42,31,336,141,141,335,"Eucalyptus globulus",1997,"Eucalyptus","Symphyomyrtus","Maidenaria","Globulares","Euglobulares","globulus",NA
"77","1727",144.11,-38.4536111111111,137,89,48,3230,237,55,182,100,179,179,95,692,79,36,24,220,114,114,213,"Eucalyptus tricarpa",1997,"Eucalyptus","Symphyomyrtus","Adnataria","Melliodorae",NA,"tricarpa",NA
"78","1728",145.193055555556,-37.8772222222222,144,100,48,3694,260,54,206,118,191,191,96,850,88,50,17,246,158,158,222,"Eucalyptus yarraensis",1997,"Eucalyptus","Symphyomyrtus","Maidenaria","Foveolatae",NA,"yarraensis",NA
"79","1729",145.649722222222,-38.0716666666667,139,104,48,3647,259,45,214,114,186,186,92,944,99,50,20,291,166,166,252,"Eucalyptus fulgens",1997,"Eucalyptus","Symphyomyrtus","Maidenaria","Viminales","Lanceolatae","fulgens",NA
"80","1731",145.787222222222,-38.075,140,107,49,3700,262,44,218,116,188,188,93,960,102,49,21,299,165,165,258,"Eucalyptus strzeleckii",1997,"Eucalyptus","Symphyomyrtus","Maidenaria","Foveolatae",NA,"strzeleckii",NA
"81","1732",147.245555555556,-37.9222222222222,137,116,52,3662,253,32,221,152,183,183,89,664,71,39,15,201,148,148,148,"Eucalyptus globoidea",1997,"Eucalyptus","Eucalyptus","Eucalyptus","Pachyphloiae",NA,"globoidea",NA
"82","1733",147.854166666667,-37.8777777777778,144,104,52,3337,246,47,199,156,186,186,100,722,74,36,16,212,145,145,177,"Eucalyptus bosistoana",1997,"Eucalyptus","Symphyomyrtus","Adnataria","Melliodorae",NA,"bosistoana",NA
"83","1734",147.854166666667,-37.8777777777778,144,104,52,3337,246,47,199,156,186,186,100,722,74,36,16,212,145,145,177,"Eucalyptus baueriana",1997,"Eucalyptus","Symphyomyrtus","Adnataria","Heterophloiae",NA,"baueriana",NA
"84","1735",147.854166666667,-37.8777777777778,144,104,52,3337,246,47,199,156,186,186,100,722,74,36,16,212,145,145,177,"Eucalyptus pseudoglobulus",1997,"Eucalyptus","Symphyomyrtus","Maidenaria","Globulares","Euglobulares","pseudoglobulus",NA
"85","1736",147.852222222222,-37.8444444444444,144,105,52,3374,247,46,201,156,186,186,99,735,76,37,16,218,148,148,179,"Eucalyptus tereticornis subsp. mediana",1997,"Eucalyptus","Symphyomyrtus","Exsertaria","Exsertae","Erythroxyla","tereticornis","mediana"
"86","1737",147.985277777778,-37.7102777777778,138,107,51,3474,246,39,207,152,182,182,93,802,84,44,15,238,165,165,192,"Eucalyptus mackintii",1997,"Eucalyptus","Eucalyptus","Eucalyptus","Pachyphloiae",NA,"mackintii",NA
"87","1740",148.607777777778,-37.8008333333333,146,99,50,3340,247,52,195,110,189,189,103,909,93,54,15,265,178,178,245,"Eucalyptus viminalis subsp. pryoriana",1997,"Eucalyptus","Symphyomyrtus","Maidenaria","Viminales","Lanceolatae","viminalis","pryoriana"
"88","1741",148.731944444444,-37.7863888888889,145,97,50,3331,245,52,193,109,188,188,102,943,97,56,15,276,184,184,259,"Eucalyptus ovata subsp. ovata",1997,"Eucalyptus","Symphyomyrtus","Maidenaria","Foveolatae",NA,"ovata","ovata"
"89","1742",148.901388888889,-37.4091666666667,133,106,49,3751,244,31,213,148,180,180,84,942,98,65,14,264,197,197,251,"Eucalyptus elata",1997,"Eucalyptus","Eucalyptus","Eucalyptus","Radiatae",NA,"elata",NA
"90","1743",148.847222222222,-37.34,95,106,48,3993,213,-7,220,90,145,145,43,968,100,65,12,272,211,211,249,"Eucalyptus denticulata",1997,"Eucalyptus","Symphyomyrtus","Maidenaria","'Remanentes' ms",NA,"denticulata",NA
"91","1744",149.077777777778,-37.5655555555556,143,94,48,3442,243,50,193,105,186,186,97,1018,104,66,14,290,205,205,281,"Eucalyptus croajingolensis",1997,"Eucalyptus","Eucalyptus","Eucalyptus","Radiatae",NA,"croajingolensis",NA
"92","1745",149.576666666667,-37.4822222222222,147,78,46,3185,233,64,169,133,188,188,105,929,98,63,12,257,202,202,244,"Eucalyptus angophoroides",1997,"Eucalyptus","Symphyomyrtus","Maidenaria","Bridgesianae",NA,"angophoroides",NA
"93","1751",149.905277777778,-36.6588888888889,148,99,48,3666,247,43,204,180,106,193,99,954,110,51,22,299,164,282,197,"Eucalyptus spectatrix",1997,"Eucalyptus","Eucalyptus","Eucalyptus","Strictae","Irregulares","spectatrix",NA
"94","1753",149.984166666667,-35.5480555555556,141,112,48,4144,257,26,231,191,94,192,86,941,107,55,20,284,171,252,201,"Eucalyptus muelleriana",1997,"Eucalyptus","Eucalyptus","Eucalyptus","Pachyphloiae",NA,"muelleriana",NA
"95","1754",149.984166666667,-35.5480555555556,141,112,48,4144,257,26,231,191,94,192,86,941,107,55,20,284,171,252,201,"Eucalyptus agglomerata",1997,"Eucalyptus","Eucalyptus","Eucalyptus","Pachyphloiae",NA,"agglomerata",NA
"96","1756",150.033888888889,-35.2675,127,119,47,4486,257,8,249,181,77,183,68,849,91,53,15,247,173,227,187,"Eucalyptus gregsoniana",1997,"Eucalyptus","Eucalyptus","Eucalyptus","Pauciflorae",NA,"gregsoniana",NA
"97","1757",150.351944444444,-35.0147222222222,145,104,48,3948,253,37,216,177,100,194,92,1208,142,65,23,380,214,329,266,"Eucalyptus sturgissiana",1997,"Eucalyptus","Symphyomyrtus","Maidenaria","Sturgissianae",NA,"sturgissiana",NA
"98","1763",150.550277777778,-34.2172222222222,152,120,49,4252,267,24,243,201,103,203,94,1028,127,45,29,354,157,319,208,"Eucalyptus parramattensis subsp. parramattensis",1997,"Eucalyptus","Symphyomyrtus","Exsertaria","'Liberivalvae' ms",NA,"parramattensis","parramattensis"
"99","1764",149.809722222222,-35.5725,123,122,48,4535,254,2,252,178,73,180,63,1001,117,59,19,303,195,264,225,"Eucalyptus maidenii",1997,"Eucalyptus","Symphyomyrtus","Maidenaria","Globulares","Euglobulares","maidenii",NA
"100","1765",149.765555555556,-35.6038888888889,143,119,48,4344,265,22,243,178,94,196,85,879,104,50,21,270,158,235,182,"Eucalyptus kartzoffiana",1997,"Eucalyptus","Symphyomyrtus","Maidenaria","Viminales","Lanceolatae","kartzoffiana",NA
"101","1766",149.554444444444,-35.9875,95,118,47,4546,227,-21,248,138,44,152,35,1016,96,71,10,274,234,250,235,"Eucalyptus nitens",1997,"Eucalyptus","Symphyomyrtus","Maidenaria","'Remanentes' ms",NA,"nitens",NA
"102","1767",149.6575,-36.0016666666667,122,120,49,4369,247,3,244,157,73,176,64,946,103,53,18,276,179,252,197,"Eucalyptus badjensis",1997,"Eucalyptus","Symphyomyrtus","Maidenaria","Viminales","Lanceolatae","badjensis",NA
"103","1771",148.829722222222,-35.3411111111111,98,124,45,5205,248,-24,272,41,165,165,32,1142,134,67,21,361,217,217,342,"Eucalyptus robertsonii",1997,"Eucalyptus","Eucalyptus","Eucalyptus","Radiatae",NA,"robertsonii",NA
"104","1772",146.233333333333,-36.4086111111111,141,124,45,5201,295,23,272,84,207,208,75,683,77,34,24,218,122,128,210,"Eucalyptus cadens",1997,"Eucalyptus","Symphyomyrtus","Maidenaria","Foveolatae",NA,"cadens",NA
"105","1775",145.693611111111,-37.4502777777778,130,116,47,4346,270,28,242,83,186,186,75,1099,130,46,27,362,166,166,351,"Eucalyptus crenulata",1997,"Eucalyptus","Symphyomyrtus","Maidenaria","Crenulatae",NA,"crenulata",NA
"106","1798",139.920277777778,-36.8263888888889,149,105,53,3237,263,65,198,108,190,190,108,565,91,15,51,243,55,55,243,"Eucalyptus leucoxylon subsp. pruinosa",1997,"Eucalyptus","Symphyomyrtus","Adnataria","Melliodorae",NA,"leucoxylon","pruinosa"
"107","1911",125.310833333333,-17.1633333333333,259,131,55,3349,362,124,238,283,224,294,209,816,231,1,115,578,12,386,18,"Eucalyptus houseana",1997,"Eucalyptus","Symphyomyrtus","Exsertaria","Exsertae","Subexsertae","houseana",NA
"108","1916",125.859722222222,-16.7641666666667,262,128,55,3251,362,131,231,284,228,295,213,872,230,2,114,606,11,418,15,"Eucalyptus jensenii",1997,"Eucalyptus","Symphyomyrtus","Adnataria","Siderophloiae",NA,"jensenii",NA
"109","1930",126.877222222222,-15.9597222222222,266,123,55,3048,364,143,221,285,220,297,220,990,247,1,110,666,14,257,14,"Eucalyptus obconica",1998,"Eucalyptus","Symphyomyrtus","Adnataria","Striolatae",NA,"obconica",NA
"110","1931",126.997777777778,-15.9902777777778,269,124,55,3077,368,146,222,289,223,301,223,955,241,1,111,646,12,248,12,"Eucalyptus pantoleuca",1997,"Eucalyptus","Symphyomyrtus","Exsertaria","Exsertae","Subexsertae","pantoleuca",NA
"111","1937",128.033333333333,-17.3866666666667,271,141,53,3942,386,123,263,299,213,312,213,631,171,1,110,421,11,312,11,"Eucalyptus leucophylla",1997,"Eucalyptus","Symphyomyrtus","Adnataria","Striolatae",NA,"leucophylla",NA
"112","1938",127.711388888889,-18.2566666666667,267,137,52,4262,383,120,263,306,205,312,205,497,144,1,112,341,8,252,8,"Eucalyptus cupularis",1997,"Eucalyptus","Symphyomyrtus","Exsertaria","Exsertae","Subexsertae","cupularis",NA
"113","1963",145.800833333333,-41.5447222222222,82,84,48,3002,183,10,173,48,122,122,44,2045,250,87,30,697,296,296,695,"Eucalyptus gunnii subsp. gunnii",1998,"Eucalyptus","Symphyomyrtus","Maidenaria","'Tasmaniae' ms",NA,"gunnii","gunnii"
"114","1964",145.669444444444,-41.6038888888889,82,83,48,2966,182,11,171,48,121,121,44,2227,262,95,29,744,327,327,740,"Eucalyptus nitida",2000,"Eucalyptus","Eucalyptus","Eucalyptus","Radiatae",NA,"nitida",NA
"115","1972",146.410555555556,-42.1483333333333,77,94,49,3277,187,-4,191,40,118,118,34,1192,125,56,23,369,191,214,352,"Eucalyptus rodwayi",1998,"Eucalyptus","Symphyomyrtus","Maidenaria","Foveolatae",NA,"rodwayi",NA
"116","1973",146.501111111111,-42.3613888888889,88,97,49,3307,198,3,195,51,129,130,45,1071,113,49,22,331,174,196,309,"Eucalyptus regnans",1998,"Eucalyptus","Eucalyptus","Eucalyptus","Regnantes",NA,"regnans",NA
"117","1974",146.608333333333,-42.3961111111111,96,100,50,3378,207,7,200,59,138,138,51,894,94,44,22,275,149,167,253,"Eucalyptus obliqua",1998,"Eucalyptus","Eucalyptus","Eucalyptus","Eucalyptus",NA,"obliqua",NA
"118","1976",146.661388888889,-42.4233333333333,104,102,50,3405,216,13,203,67,147,147,59,779,80,39,21,237,132,148,216,"Eucalyptus tenuiramis",1998,"Eucalyptus","Eucalyptus","Eucalyptus","Radiatae",NA,"tenuiramis",NA
"119","1980",147.251388888889,-42.9177777777778,106,89,50,3025,203,26,177,72,144,144,66,966,105,58,17,288,188,188,273,"Eucalyptus johnstonii",1998,"Eucalyptus","Symphyomyrtus","Maidenaria","Semiunicolores",NA,"johnstonii",NA
"120","1981",147.244722222222,-42.9061111111111,63,73,46,3006,155,-3,158,71,103,103,24,1021,100,71,12,284,225,225,270,"Eucalyptus urnigera",1998,"Eucalyptus","Symphyomyrtus","Maidenaria","'Tasmaniae' ms",NA,"urnigera",NA
"121","1982",147.335555555556,-42.8227777777778,119,95,51,3112,219,34,185,84,158,158,78,648,63,43,13,181,132,132,174,"Eucalyptus risdonii",1998,"Eucalyptus","Eucalyptus","Eucalyptus","Radiatae",NA,"risdonii",NA
"122","1983",147.507222222222,-42.9527777777778,125,89,52,2884,216,46,170,136,162,162,87,580,60,41,13,166,123,123,149,"Eucalyptus morrisbyi",1998,"Eucalyptus","Symphyomyrtus","Maidenaria","'Tasmaniae' ms",NA,"morrisbyi",NA
"123","1984",147.821111111111,-42.7566666666667,115,88,51,2862,205,35,170,77,152,152,77,870,94,56,15,246,182,182,246,"Eucalyptus pulchella",2000,"Eucalyptus","Eucalyptus","Eucalyptus","Radiatae",NA,"pulchella",NA
"124","1985",147.824444444444,-42.7536111111111,115,88,51,2862,205,35,170,77,152,152,77,870,94,56,15,246,182,182,246,"Eucalyptus cordata subsp. cordata",1998,"Eucalyptus","Symphyomyrtus","Maidenaria","'Tasmaniae' ms",NA,"cordata","cordata"
"125","1986",147.826388888889,-42.7519444444444,115,88,51,2862,205,35,170,77,152,152,77,870,94,56,15,246,182,182,246,"Eucalyptus globulus",1998,"Eucalyptus","Symphyomyrtus","Maidenaria","Globulares","Euglobulares","globulus",NA
"126","1987",147.876388888889,-42.6858333333333,116,90,52,2866,206,34,172,78,152,152,78,809,85,53,15,228,170,170,228,"Eucalyptus amygdalina",1998,"Eucalyptus","Eucalyptus","Eucalyptus","Radiatae",NA,"amygdalina",NA
"127","1988",147.846666666667,-42.2680555555556,99,96,51,3129,199,14,185,58,139,139,58,731,72,44,14,203,151,151,203,"Eucalyptus brookeriana",1998,"Eucalyptus","Symphyomyrtus","Maidenaria","Foveolatae",NA,"brookeriana",NA
"128","1989",148.139444444444,-41.9683333333333,123,97,54,2842,215,37,178,133,159,159,86,718,78,47,14,193,154,154,186,"Eucalyptus barberi",1998,"Eucalyptus","Symphyomyrtus","Maidenaria","Foveolatae",NA,"barberi",NA
"129","1990",146.721944444444,-41.7283333333333,57,86,46,3289,166,-18,184,14,99,99,14,1465,191,61,32,516,224,224,516,"Eucalyptus archeri",1998,"Eucalyptus","Symphyomyrtus","Maidenaria","'Tasmaniae' ms",NA,"archeri",NA
"130","2065",142.672777777778,-36.2608333333333,151,132,49,4791,303,36,267,118,213,213,91,394,45,22,25,129,69,69,116,"Eucalyptus behriana",1998,"Eucalyptus","Symphyomyrtus","Adnataria","Buxeales","Subplatyphyllae","behriana",NA
"131","2067",147.4675,-37.2455555555556,92,115,48,4361,226,-13,239,87,147,147,35,1029,107,53,17,304,196,196,278,"Eucalyptus neglecta",1998,"Eucalyptus","Symphyomyrtus","Maidenaria","Neglectae",NA,"neglecta",NA
"132","2069",148.323333333333,-37.0794444444444,102,119,48,4347,234,-9,243,97,138,156,45,937,102,60,15,283,194,209,233,"Eucalyptus saxatilis",1998,"Eucalyptus","Symphyomyrtus","Maidenaria","Viminales","Circulares","saxatilis",NA
"133","2070",148.772777777778,-35.5302777777778,74,107,42,5039,212,-37,249,17,138,138,9,1392,169,74,24,454,253,253,437,"Eucalyptus pauciflora subsp. debeuzevillei",1998,"Eucalyptus","Eucalyptus","Eucalyptus","Pauciflorae",NA,"pauciflora","debeuzevillei"
"134","2071",150.303611111111,-34.5177777777778,130,115,47,4391,253,12,241,182,80,185,72,936,101,52,20,288,170,262,213,"Eucalyptus macarthurii",1998,"Eucalyptus","Symphyomyrtus","Maidenaria","Viminales","Lanceolatae","macarthurii",NA
"135","2077",151.091666666667,-33.6891666666667,166,103,48,3992,264,50,214,212,120,214,112,1223,154,57,30,434,195,375,264,"Eucalyptus camfieldii",1998,"Eucalyptus","Eucalyptus","Eucalyptus","Pachyphloiae",NA,"camfieldii",NA
"136","2081",151.207222222222,-32.7672222222222,160,122,49,4457,279,33,246,211,109,215,100,874,113,36,31,314,130,306,148,"Eucalyptus fracta",1998,"Eucalyptus","Symphyomyrtus","Adnataria","Siderophloiae",NA,"fracta",NA
"137","2083",150.411111111111,-32.2927777777778,163,137,49,5041,302,23,279,226,107,226,97,656,97,34,35,248,109,248,113,"Eucalyptus aenea",1998,"Eucalyptus","Symphyomyrtus","Adnataria","Subbuxeales",NA,"aenea",NA
"138","2085",151.602222222222,-32.565,178,117,50,4190,288,54,234,226,130,229,121,968,123,43,32,356,142,333,185,"Eucalyptus glaucina",1998,"Eucalyptus","Symphyomyrtus","Exsertaria","Exsertae","Erythroxyla","glaucina",NA
"139","2086",151.888055555556,-32.1686111111111,166,116,50,4131,275,45,230,214,118,216,111,1161,156,45,37,453,153,403,196,"Eucalyptus largeana",1998,"Eucalyptus","Symphyomyrtus","Adnataria","Buxeales","Amissae","largeana",NA
"140","2087",152.390555555556,-32.0272222222222,175,109,51,3815,272,59,213,219,130,220,123,1270,182,56,36,476,175,393,240,"Eucalyptus acmenoides",1998,"Eucalyptus","Eucalyptus","Eucalyptus","White-mahoganies",NA,"acmenoides",NA
"141","2089",152.7925,-31.5244444444444,178,100,50,3578,266,66,200,209,136,220,129,1522,193,57,34,549,203,540,293,"Eucalyptus seeana",1998,"Eucalyptus","Symphyomyrtus","Exsertaria","'Liberivalvae' ms",NA,"seeana",NA
"142","2097",152.276666666667,-29.5419444444444,147,119,50,4300,259,21,238,198,97,198,88,1188,177,47,43,486,154,486,165,"Eucalyptus codonocarpa",1998,"Eucalyptus","Eucalyptus","Eucalyptus","Strictae","Regulares","codonocarpa",NA
"143","2099",152.636388888889,-29.2938888888889,184,124,51,4095,293,53,240,233,137,233,127,1182,178,37,48,494,125,494,147,"Eucalyptus ophitica",1998,"Eucalyptus","Symphyomyrtus","Adnataria","Siderophloiae",NA,"ophitica",NA
"144","2104",151.515555555556,-28.1286111111111,175,141,51,4930,305,29,276,233,107,233,107,688,90,30,32,244,108,244,108,"Eucalyptus rhombica",1998,"Eucalyptus","Symphyomyrtus","Adnataria","Siderophloiae",NA,"rhombica",NA
"145","2106",152.156111111111,-27.5266666666667,185,136,52,4440,303,43,260,237,134,237,124,880,127,33,42,359,114,359,125,"Eucalyptus taurina",1998,"Eucalyptus","Symphyomyrtus","Adnataria","Siderophloiae",NA,"taurina",NA
"146","2107",152.160833333333,-27.5186111111111,185,136,52,4440,303,43,260,237,134,237,124,880,127,33,42,359,114,359,125,"Eucalyptus major",1998,"Eucalyptus","Symphyomyrtus","Exsertaria","Connexentes",NA,"major",NA
"147","2111",151.9575,-26.7866666666667,177,137,52,4466,297,34,263,229,127,229,115,836,112,33,39,325,121,325,129,"Eucalyptus melanoleuca",1998,"Eucalyptus","Symphyomyrtus","Adnataria","Rhodoxyla","Concolores","melanoleuca",NA
"148","2115",147.936111111111,-25.1997222222222,186,153,50,5347,325,24,301,248,127,248,112,690,105,19,49,300,81,300,91,"Eucalyptus mediocris",1998,"Eucalyptus","Eucalyptus","Eucalyptus","White-mahoganies",NA,"mediocris",NA
"149","2116",147.936111111111,-25.1997222222222,186,153,50,5347,325,24,301,248,127,248,112,690,105,19,49,300,81,300,91,"Eucalyptus virens",1998,"Eucalyptus","Symphyomyrtus","Adnataria","Siderophloiae",NA,"virens",NA
"150","2117",147.936111111111,-25.1997222222222,186,153,50,5347,325,24,301,248,127,248,112,690,105,19,49,300,81,300,91,"Eucalyptus panda",1998,"Eucalyptus","Symphyomyrtus","Adnataria","Siderophloiae",NA,"panda",NA
"151","2118",148.040833333333,-24.9105555555556,172,150,50,5272,311,14,297,233,114,233,99,748,109,22,47,321,91,321,102,"Eucalyptus erosa",1998,"Eucalyptus","Eucalyptus","Eucalyptus","Pachyphloiae",NA,"erosa",NA
"152","2119",146.081944444444,-26.5041666666667,206,144,47,5910,347,41,306,269,142,276,125,462,77,17,46,194,61,190,63,"Eucalyptus ochrophloia",1998,"Eucalyptus","Symphyomyrtus","Adnataria","Subbuxeales",NA,"ochrophloia",NA
"153","2435",133.795277777778,-23.3247222222222,206,158,48,5981,363,35,328,268,145,277,125,315,45,10,45,129,39,128,45,"Eucalyptus intertexta",1999,"Eucalyptus","Symphyomyrtus","Adnataria","Buxeales","Subplatyphyllae","intertexta",NA
"154","2436",133.463888888889,-22.0094444444444,230,145,48,5585,370,68,302,286,173,294,153,317,65,7,67,160,28,156,29,"Eucalyptus victrix",1999,"Eucalyptus","Symphyomyrtus","Adnataria","Striolatae",NA,"victrix",NA
"155","2440",134.189722222222,-19.7255555555556,255,131,49,4752,376,111,265,306,188,306,188,390,99,2,99,246,13,177,13,"Eucalyptus pruinosa subsp. pruinosa",1999,"Eucalyptus","Symphyomyrtus","Adnataria","Striolatae",NA,"pruinosa","pruinosa"
"156","2447",130.9125,-16.8852777777778,269,149,54,4058,385,112,273,299,209,311,209,647,155,1,105,415,10,306,10,"Eucalyptus gregoriensis",1999,"Eucalyptus","Symphyomyrtus","Exsertaria","Exsertae","Subexsertae","gregoriensis",NA
"157","2452",131.906111111111,-14.8816666666667,272,144,56,3231,383,130,253,291,224,307,224,941,235,0,111,624,5,265,5,"Eucalyptus distans",1999,"Eucalyptus","Symphyomyrtus","Adnataria","Striolatae",NA,"distans",NA
"158","2468",131.393055555556,-13.5161111111111,270,129,58,2350,367,148,219,282,235,296,235,1278,302,2,103,804,9,373,9,"Eucalyptus oligantha",1999,"Eucalyptus","Symphyomyrtus","Adnataria","Striolatae",NA,"oligantha",NA
"159","2486",132.575555555556,-13.5158333333333,275,132,59,2469,376,153,223,286,238,302,238,1334,295,1,105,848,6,399,6,"Eucalyptus koolpinensis",1999,"Eucalyptus","Symphyomyrtus","Adnataria","Striolatae",NA,"koolpinensis",NA
"160","2489",133.397777777778,-16.2519444444444,264,149,56,3640,377,114,263,289,211,303,211,699,181,0,108,461,9,333,9,"Eucalyptus camaldulensis subsp. obtusa",1999,"Eucalyptus","Symphyomyrtus","Exsertaria","Exsertae","Rostratae","camaldulensis","obtusa"
"161","2500",142.515555555556,-18.2463888888889,263,140,56,3404,378,128,250,287,214,301,214,756,225,2,120,541,8,379,8,"Eucalyptus distans",1999,"Eucalyptus","Symphyomyrtus","Adnataria","Striolatae",NA,"distans",NA
"162","2512",143.451111111111,-14.615,250,120,61,2222,340,146,194,268,225,275,218,1189,304,2,113,834,9,509,14,"Eucalyptus brassiana",1999,"Eucalyptus","Symphyomyrtus","Exsertaria","Exsertae","Exsertae","brassiana",NA
"163","2514",143.439722222222,-14.5991666666667,250,120,61,2222,340,146,194,268,225,275,218,1189,304,2,113,834,9,509,14,"Eucalyptus drepanophylla",1999,"Eucalyptus","Symphyomyrtus","Adnataria","Siderophloiae",NA,"drepanophylla",NA
"164","2520",144.751944444444,-16.2027777777778,236,108,61,2277,319,142,177,255,210,261,203,1338,311,10,99,863,38,546,48,"Eucalyptus staigeriana",1999,"Eucalyptus","Symphyomyrtus","Adnataria","Siderophloiae",NA,"staigeriana",NA
"165","2521",144.736111111111,-16.3783333333333,239,111,60,2312,325,143,182,258,213,265,206,1305,305,9,101,849,34,548,42,"Eucalyptus tardecidens",1999,"Eucalyptus","Symphyomyrtus","Adnataria","Buxeales","Subplatyphyllae","tardecidens",NA
"166","2532",145.514722222222,-20.2661111111111,227,131,53,3964,340,94,246,264,184,270,170,696,159,9,85,399,39,395,47,"Eucalyptus drepanophylla",1999,"Eucalyptus","Symphyomyrtus","Adnataria","Siderophloiae",NA,"drepanophylla",NA
"167","2533",145.316111111111,-20.4805555555556,229,135,53,4113,345,93,252,268,185,274,171,687,156,9,85,393,39,391,46,"Eucalyptus quadricostata",1999,"Eucalyptus","Symphyomyrtus","Adnataria","Siderophloiae",NA,"quadricostata",NA
"168","2536",145.031944444444,-20.9847222222222,233,139,52,4400,354,90,264,281,186,281,170,561,126,7,84,319,32,319,40,"Eucalyptus whitei",1999,"Eucalyptus","Symphyomyrtus","Adnataria","Siderophloiae",NA,"whitei",NA
"169","2545",151.275555555556,-24.1975,216,111,52,3686,311,98,213,258,173,258,163,946,159,28,56,432,100,432,109,"Eucalyptus decolor",1999,"Eucalyptus","Symphyomyrtus","Adnataria","Rhodoxyla","Discolores","decolor",NA
"170","2549",148.657777777778,-25.3038888888889,190,153,51,5213,327,30,297,251,133,251,118,677,104,18,48,293,82,293,94,"Eucalyptus panda",1999,"Eucalyptus","Symphyomyrtus","Adnataria","Siderophloiae",NA,"panda",NA
"171","2553",148.169166666667,-28.7033333333333,203,142,47,5804,349,48,301,274,125,274,125,464,71,22,35,172,78,172,78,"Eucalyptus camaldulensis subsp. acuta",1999,"Eucalyptus","Symphyomyrtus","Exsertaria","Exsertae","Rostratae","camaldulensis","acuta"
"172","2554",146.845555555556,-30.3905555555556,196,141,46,5879,350,45,305,263,132,269,118,430,55,21,29,150,77,141,79,"Eucalyptus intertexta",1999,"Eucalyptus","Symphyomyrtus","Adnataria","Buxeales","Subplatyphyllae","intertexta",NA
"173","2555",141.256944444444,-31.8883333333333,177,131,45,5533,327,42,285,177,105,247,105,245,27,14,18,68,49,65,49,"Eucalyptus camaldulensis subsp. arida",1999,"Eucalyptus","Symphyomyrtus","Exsertaria","Exsertae","Rostratae","camaldulensis","arida"
"174","2566",138.026944444444,-32.7055555555556,156,131,48,5089,303,34,269,91,218,221,91,540,70,22,40,199,69,71,199,"Eucalyptus leucoxylon subsp. pruinosa",1999,"Eucalyptus","Symphyomyrtus","Adnataria","Melliodorae",NA,"leucoxylon","pruinosa"
"175","2577",146.764166666667,-43.2305555555556,67,68,46,2771,153,6,147,34,103,103,31,1531,161,84,17,459,288,288,433,"Eucalyptus vernicosa",2000,"Eucalyptus","Symphyomyrtus","Maidenaria","Semiunicolores",NA,"vernicosa",NA
"176","2581",141.651111111111,-36.5588888888889,142,135,51,4359,291,31,260,87,197,198,87,485,61,23,32,167,73,75,167,"Eucalyptus leucoxylon subsp. stephaniae",2000,"Eucalyptus","Symphyomyrtus","Adnataria","Melliodorae",NA,"leucoxylon","stephaniae"
"177","2583",141.735555555556,-36.6788888888889,141,133,51,4271,289,32,257,87,196,196,87,494,62,23,33,171,72,74,171,"Eucalyptus froggattii",2000,"Eucalyptus","Symphyomyrtus","Adnataria","Subbuxeales",NA,"froggattii",NA
"178","2584",142.514444444444,-37.1719444444444,118,118,49,4184,260,20,240,71,172,172,65,913,119,37,36,330,123,123,328,"Eucalyptus serraensis",2000,"Eucalyptus","Eucalyptus","Eucalyptus","Pachyphloiae",NA,"serraensis",NA
"179","2677",126.440277777778,-27.2033333333333,207,150,46,6118,369,45,324,280,214,280,125,181,22,6,27,56,30,56,46,"Eucalyptus intertexta",2000,"Eucalyptus","Symphyomyrtus","Adnataria","Buxeales","Subplatyphyllae","intertexta",NA
"180","2684",128.394722222222,-26.1022222222222,213,148,46,6059,370,51,319,285,148,285,131,226,28,9,34,81,32,81,39,"Eucalyptus sparsa",2000,"Eucalyptus","Symphyomyrtus","Adnataria","Buxeales","Subplatyphyllae","sparsa",NA
"181","2761",118.867222222222,-28.9638888888889,198,142,45,6186,363,50,313,128,192,277,118,252,36,10,35,95,35,57,85,"Eucalyptus petraea",2000,"Eucalyptus","Symphyomyrtus","Adnataria","Lucasianae",NA,"petraea",NA
"182","2873",141.485277777778,-36.5738888888889,142,135,52,4281,291,33,258,88,197,197,88,508,65,22,35,179,72,73,179,"Eucalyptus molyneuxii",2000,"Eucalyptus","Eucalyptus","Eucalyptus","Radiatae",NA,"molyneuxii",NA
"183","2897",144.138611111111,-35.615,161,131,47,5080,312,38,274,128,226,226,96,397,43,21,20,122,76,76,110,"Eucalyptus leucoxylon subsp. pruinosa",2000,"Eucalyptus","Symphyomyrtus","Adnataria","Melliodorae",NA,"leucoxylon","pruinosa"
"184","2898",147.200277777778,-35.1058333333333,158,130,44,5663,317,28,289,119,229,231,86,550,57,34,15,160,116,118,148,"Eucalyptus albens",2000,"Eucalyptus","Symphyomyrtus","Adnataria","Subbuxeales",NA,"albens",NA
"185","2899",147.939444444444,-35.2658333333333,146,139,47,5530,309,14,295,86,216,218,76,797,87,40,21,247,152,153,237,"Eucalyptus polyanthemos subsp. polyanthemos",2000,"Eucalyptus","Symphyomyrtus","Adnataria","Heterophloiae",NA,"polyanthemos","polyanthemos"
"186","2900",149.66,-36.1063888888889,140,118,49,4201,259,21,238,174,93,192,84,902,110,42,25,282,145,248,173,"Eucalyptus stenostoma",2000,"Eucalyptus","Eucalyptus","Eucalyptus","Stenostomae",NA,"stenostoma",NA
"187","2902",149.797222222222,-36.1783333333333,146,106,49,3869,252,37,215,179,102,194,95,985,121,44,25,313,157,303,194,"Eucalyptus bosistoana",2000,"Eucalyptus","Symphyomyrtus","Adnataria","Melliodorae",NA,"bosistoana",NA
"188","2903",150.149166666667,-35.7691666666667,158,92,48,3488,246,58,188,189,117,201,112,1079,124,59,23,335,182,327,236,"Eucalyptus paniculata",2000,"Eucalyptus","Symphyomyrtus","Adnataria","Rhodoxyla","Discolores","paniculata",NA
"189","2904",150.128888888889,-35.0986111111111,129,115,47,4380,254,12,242,181,79,183,70,974,109,60,17,292,194,267,216,"Eucalyptus triflora",2000,"Eucalyptus","Eucalyptus","Eucalyptus","Strictae","Irregulares","triflora",NA
"190","2910",151.256388888889,-33.6569444444444,170,97,48,3790,261,60,201,214,126,215,119,1295,158,66,28,448,213,380,284,"Eucalyptus luehmanniana",2000,"Eucalyptus","Eucalyptus","Eucalyptus","Fraxinales",NA,"luehmanniana",NA
"191","2912",151.308055555556,-33.5788888888889,173,99,48,3820,264,60,204,217,129,218,121,1283,159,61,29,446,208,393,271,"Eucalyptus umbra",2000,"Eucalyptus","Eucalyptus","Eucalyptus","White-mahoganies",NA,"umbra",NA
"192","2914",150.549166666667,-33.665,150,123,48,4527,272,19,253,202,99,206,90,1219,181,52,38,478,167,444,207,"Eucalyptus multicaulis",2000,"Eucalyptus","Eucalyptus","Eucalyptus","Psathyroxyla","Considenianae","multicaulis",NA
"193","2915",150.376388888889,-33.7705555555556,130,111,46,4454,249,12,237,181,80,185,70,1323,177,57,33,494,198,448,255,"Eucalyptus cunninghamii",2000,"Eucalyptus","Eucalyptus","Eucalyptus","Strictae","Regulares","cunninghamii",NA
"194","2916",150.406944444444,-33.5466666666667,127,108,46,4467,246,13,233,179,76,182,67,1264,165,59,32,472,195,431,237,"Eucalyptus blaxlandii",2000,"Eucalyptus","Eucalyptus","Eucalyptus","Pachyphloiae",NA,"blaxlandii",NA
"195","2917",150.988055555556,-32.8725,161,126,49,4567,284,30,254,213,109,217,100,847,111,35,34,310,122,307,137,"Eucalyptus prominula",2000,"Eucalyptus","Eucalyptus","Eucalyptus","Pachyphloiae",NA,"prominula",NA
"196","2920",152.369166666667,-32.0438888888889,173,108,50,3808,271,58,213,218,129,219,122,1269,181,57,35,475,176,393,239,"Eucalyptus rudderi",2000,"Eucalyptus","Symphyomyrtus","Adnataria","Heterophloiae",NA,"rudderi",NA
"197","2927",152.202777777778,-29.6125,139,119,50,4331,253,15,238,192,89,192,81,1127,167,48,41,456,156,456,163,"Eucalyptus scopulorum",2000,"Eucalyptus","Symphyomyrtus","Adnataria","Siderophloiae",NA,"scopulorum",NA
"198","2930",151.716388888889,-29.0966666666667,163,138,50,4839,292,20,272,222,134,222,97,777,104,34,38,301,121,301,124,"Eucalyptus caleyi subsp. ovendenii",2000,"Eucalyptus","Symphyomyrtus","Adnataria","Siderophloiae",NA,"caleyi","ovendenii"
"199","2932",151.451388888889,-28.4905555555556,176,145,51,5064,310,26,284,236,107,236,107,697,88,37,32,255,117,255,117,"Eucalyptus exserta",2000,"Eucalyptus","Symphyomyrtus","Exsertaria","Exsertae","Exsertae","exserta",NA
"200","2935",152.1575,-27.5247222222222,185,136,52,4440,303,43,260,237,134,237,124,880,127,33,42,359,114,359,125,"Eucalyptus helidonica",2000,"Eucalyptus","Eucalyptus","Eucalyptus","White-mahoganies",NA,"helidonica",NA
"201","2937",152.202777777778,-29.6125,139,119,50,4331,253,15,238,192,89,192,81,1127,167,48,41,456,156,456,163,"Eucalyptus tereticornis subsp. basaltica",2000,"Eucalyptus","Symphyomyrtus","Exsertaria","Exsertae","Erythroxyla","tereticornis","basaltica"
"202","2941",151.940277777778,-30.0736111111111,128,121,49,4494,246,3,243,183,68,183,68,901,137,44,39,357,137,357,137,"Eucalyptus dalrympleana subsp. heptantha",2000,"Eucalyptus","Symphyomyrtus","Maidenaria","Viminales","Circulares","dalrympleana","heptantha"
"203","2943",151.940277777778,-30.0736111111111,128,121,49,4494,246,3,243,183,68,183,68,901,137,44,39,357,137,357,137,"Eucalyptus caliginosa",2000,"Eucalyptus","Eucalyptus","Eucalyptus","Pachyphloiae",NA,"caliginosa",NA
"204","2948",151.184166666667,-31.4666666666667,123,127,49,4858,252,-7,259,183,127,183,59,953,123,56,21,306,197,306,213,"Eucalyptus elliptica",2000,"Eucalyptus","Symphyomyrtus","Maidenaria","Viminales","Circulares","elliptica",NA
"205","2952",149.325277777778,-33.0161111111111,137,134,47,5205,286,5,281,204,105,204,70,770,81,52,14,214,166,214,189,"Eucalyptus goniocalyx subsp. goniocalyx",2000,"Eucalyptus","Symphyomyrtus","Maidenaria","Globulares","'Clivosae' ms","goniocalyx","goniocalyx"
"206","2954",147.109722222222,-31.4866666666667,186,136,45,5776,337,40,297,253,123,259,110,469,57,23,25,158,85,154,89,"Eucalyptus populnea subsp. bimbil",2000,"Eucalyptus","Symphyomyrtus","Adnataria","Buxeales","Subplatyphyllae","populnea","bimbil"
"207","2957",143.390555555556,-31.5747222222222,192,142,46,5857,348,43,305,261,129,265,115,273,30,14,19,82,55,76,61,"Eucalyptus coolabah",2000,"Eucalyptus","Symphyomyrtus","Adnataria","Striolatae",NA,"coolabah",NA
"208","423",132.548611111111,-27.0388888888889,197,156,48,5997,356,34,322,262,116,269,116,240,40,10,37,91,37,88,37,"Eucalyptus intertexta",1994,"Eucalyptus","Symphyomyrtus","Adnataria","Buxeales","Subplatyphyllae","intertexta",NA
"209","427",132.515555555556,-27.0094444444444,195,156,48,6008,354,31,323,260,114,267,114,246,41,10,39,94,37,91,37,"Eucalyptus sparsa",1994,"Eucalyptus","Symphyomyrtus","Adnataria","Buxeales","Subplatyphyllae","sparsa",NA
"210","482",135.546944444444,-32.9858333333333,166,140,52,4406,314,48,266,109,220,222,109,321,42,11,43,125,38,42,125,"Eucalyptus porosa",1994,"Eucalyptus","Symphyomyrtus","Adnataria","Melliodorae",NA,"porosa",NA
"211","541",119.818333333333,-23.4402777777778,243,144,46,6012,388,79,309,307,252,313,161,263,61,3,75,137,18,134,42,"Eucalyptus xerothermica",1994,"Eucalyptus","Symphyomyrtus","Adnataria","Striolatae",NA,"xerothermica",NA
"212","545",120.116388888889,-33.7086111111111,167,120,55,3513,289,71,218,132,211,211,123,468,57,18,34,165,70,70,159,"Eucalyptus lucasii",1994,"Eucalyptus","Symphyomyrtus","Adnataria","Lucasianae",NA,"lucasii",NA
"213","565",138.4375,-31.6408333333333,171,144,47,5763,331,30,301,105,214,244,97,332,41,17,30,119,60,64,111,"Eucalyptus goniocalyx subsp. exposa",1994,"Eucalyptus","Symphyomyrtus","Maidenaria","Globulares","'Clivosae' ms","goniocalyx","exposa"
"214","570",146.679166666667,-36.3202777777778,132,118,44,5208,280,14,266,75,198,199,66,958,117,37,32,328,143,149,326,"Eucalyptus bridgesiana",1994,"Eucalyptus","Symphyomyrtus","Maidenaria","Bridgesianae",NA,"bridgesiana",NA
"215","572",146.824444444444,-36.6938888888889,105,115,44,4988,253,-4,257,49,168,169,41,1289,160,50,32,449,189,206,444,"Eucalyptus dives",1995,"Eucalyptus","Eucalyptus","Eucalyptus","Radiatae",NA,"dives",NA
"216","574",146.815277777778,-36.7225,83,107,43,4946,228,-20,248,27,146,146,20,1417,173,54,31,486,202,230,478,"Eucalyptus mitchelliana",1994,"Eucalyptus","Eucalyptus","Eucalyptus","Longitudinales",NA,"mitchelliana",NA
"217","575",146.852777777778,-36.7008333333333,129,123,46,4984,280,14,266,74,193,193,66,1176,149,50,32,410,178,187,407,"Eucalyptus radiata subsp. radiata",1994,"Eucalyptus","Eucalyptus","Eucalyptus","Radiatae",NA,"radiata","radiata"
"218","576",146.856666666667,-36.6977777777778,129,123,46,4984,280,14,266,74,193,193,66,1176,149,50,32,410,178,187,407,"Eucalyptus camphora subsp. humeana",1994,"Eucalyptus","Symphyomyrtus","Maidenaria","Foveolatae",NA,"camphora","humeana"
"219","577",147.116944444444,-43.0980555555556,96,82,49,2889,188,23,165,63,133,133,58,1181,131,68,18,361,222,222,340,"Eucalyptus chapmaniana",1994,"Eucalyptus","Symphyomyrtus","Maidenaria","Viminales","Circulares","chapmaniana",NA
"220","578",147.283888888889,-36.8652777777778,65,102,43,4753,202,-35,237,10,125,125,4,1507,168,64,26,484,236,236,464,"Eucalyptus pauciflora subsp. hedraia",1998,"Eucalyptus","Eucalyptus","Eucalyptus","Pauciflorae",NA,"pauciflora","hedraia"
"221","579",147.387222222222,-36.9563888888889,83,111,45,4664,222,-22,244,52,142,142,23,1266,139,57,23,398,211,211,379,"Eucalyptus dalrympleana subsp. dalrympleana",1994,"Eucalyptus","Symphyomyrtus","Maidenaria","Viminales","Circulares","dalrympleana","dalrympleana"
"222","582",147.569166666667,-37.0130555555556,101,120,48,4507,241,-8,249,72,158,158,43,922,95,49,18,277,176,186,253,"Eucalyptus stellulata",1994,"Eucalyptus","Eucalyptus","Eucalyptus","Longitudinales",NA,"stellulata",NA
"223","583",147.815,-37.1911111111111,116,122,50,4257,249,5,244,134,151,169,60,737,85,46,17,227,151,162,176,"Eucalyptus nortonii",1994,"Eucalyptus","Symphyomyrtus","Maidenaria","Globulares","'Clivosae' ms","nortonii",NA
"224","584",148.026666666667,-37.0936111111111,67,103,44,4421,194,-35,229,60,122,122,9,1363,145,70,19,420,255,258,363,"Eucalyptus perriniana",2000,"Eucalyptus","Symphyomyrtus","Maidenaria","Viminales","Circulares","perriniana",NA
"225","586",148.073611111111,-37.0869444444444,75,107,45,4373,204,-29,233,70,130,130,18,1245,131,66,18,382,239,243,327,"Eucalyptus elaeophloia",1995,"Eucalyptus","Symphyomyrtus","Maidenaria","Viminales","Lanceolatae","elaeophloia",NA
"226","588",148.402222222222,-36.3633333333333,61,97,41,4755,189,-45,234,27,120,120,-1,1832,234,68,32,647,274,274,599,"Eucalyptus glaucescens",1994,"Eucalyptus","Symphyomyrtus","Maidenaria","Viminales","Circulares","glaucescens",NA
"227","589",148.404722222222,-36.3733333333333,61,97,41,4755,189,-45,234,27,120,120,-1,1832,234,68,32,647,274,274,599,"Eucalyptus pauciflora subsp. niphophila",2000,"Eucalyptus","Eucalyptus","Eucalyptus","Pauciflorae",NA,"pauciflora","niphophila"
"228","590",148.835833333333,-36.0552777777778,91,124,47,4884,232,-31,263,59,153,153,27,863,91,58,12,253,191,191,220,"Eucalyptus lacrimans",1994,"Eucalyptus","Eucalyptus","Eucalyptus","Pauciflorae",NA,"lacrimans",NA
"229","591",149.511388888889,-36.3077777777778,101,120,48,4398,230,-15,245,142,52,156,43,817,86,47,17,232,161,214,173,"Eucalyptus parvula",1994,"Eucalyptus","Symphyomyrtus","Maidenaria","Viminales","Lanceolatae","parvula",NA
"230","592",149.594444444444,-36.3433333333333,97,114,48,4305,222,-14,236,117,48,151,40,935,96,59,14,256,195,237,211,"Eucalyptus paliformis",1994,"Eucalyptus","Eucalyptus","Eucalyptus","Strictae","Regulares","paliformis",NA
"231","593",149.6,-36.3419444444444,97,114,48,4305,222,-14,236,117,48,151,40,935,96,59,14,256,195,237,211,"Eucalyptus kybeanensis",2000,"Eucalyptus","Eucalyptus","Eucalyptus","Strictae","Regulares","kybeanensis",NA
"232","597",149.6575,-36.0016666666667,122,120,49,4369,247,3,244,157,73,176,64,946,103,53,18,276,179,252,197,"Eucalyptus olsenii",2000,"Eucalyptus","Eucalyptus","Eucalyptus","Olsenianae",NA,"olsenii",NA
"233","598",149.657777777778,-36.0041666666667,122,120,49,4369,247,3,244,157,73,176,64,946,103,53,18,276,179,252,197,"Eucalyptus smithii",1994,"Eucalyptus","Symphyomyrtus","Maidenaria","Viminales","Lanceolatae","smithii",NA
"234","602",149.964444444444,-35.4413888888889,123,120,48,4467,252,3,249,177,73,179,64,879,92,57,15,256,179,236,195,"Eucalyptus radiata subsp. radiata",2000,"Eucalyptus","Eucalyptus","Eucalyptus","Radiatae",NA,"radiata","radiata"
"235","604",150.115555555556,-35.0947222222222,129,117,47,4450,257,11,246,182,79,185,70,894,100,54,16,264,179,240,197,"Eucalyptus amplifolia subsp. amplifolia",1994,"Eucalyptus","Symphyomyrtus","Exsertaria","Exsertae","Erythroxyla","amplifolia","amplifolia"
"236","607",150.177222222222,-35.0719444444444,124,113,47,4380,249,9,240,177,75,179,66,1113,125,70,19,343,222,318,249,"Eucalyptus stricta",1995,"Eucalyptus","Eucalyptus","Eucalyptus","Strictae","Irregulares","stricta",NA
"237","610",150.275833333333,-35.1041666666667,129,109,47,4219,247,17,230,180,81,181,73,1200,137,75,20,373,233,339,269,"Eucalyptus piperita subsp. urceolaris",1994,"Eucalyptus","Eucalyptus","Eucalyptus","Piperitales",NA,"piperita","urceolaris"
"238","611",150.369166666667,-35.0944444444444,140,104,47,3990,249,32,217,172,94,189,86,1249,145,71,21,388,229,340,279,"Eucalyptus consideniana",1994,"Eucalyptus","Eucalyptus","Eucalyptus","Psathyroxyla","Considenianae","consideniana",NA
"239","613",150.493611111111,-34.9752777777778,157,96,48,3642,254,56,198,188,114,201,108,1262,149,65,25,407,215,339,278,"Eucalyptus langleyi",1994,"Eucalyptus","Eucalyptus","Eucalyptus","Strictae","Irregulares","langleyi",NA
"240","615",150.475555555556,-34.9141666666667,164,98,49,3653,260,62,198,195,121,208,115,1161,135,57,26,377,192,317,253,"Eucalyptus imitans",1994,"Eucalyptus","Eucalyptus","Eucalyptus","Pachyphloiae",NA,"imitans",NA
"241","617",150.266666666667,-34.4916666666667,130,117,47,4439,254,10,244,183,80,185,71,884,95,48,20,275,159,252,194,"Eucalyptus apiculata",1994,"Eucalyptus","Eucalyptus","Eucalyptus","Strictae","Irregulares","apiculata",NA
"242","618",150.502777777778,-34.4055555555556,137,111,48,4204,251,20,231,187,89,189,81,1133,131,53,25,372,187,326,245,"Eucalyptus quadrangulata",1994,"Eucalyptus","Symphyomyrtus","Maidenaria","'Quadrangulatae' ms",NA,"quadrangulata",NA
"243","621",151.079166666667,-34.1286111111111,167,94,47,3697,257,61,196,211,124,212,117,1444,184,63,30,493,231,406,332,"Eucalyptus luehmanniana",1994,"Eucalyptus","Eucalyptus","Eucalyptus","Fraxinales",NA,"luehmanniana",NA
"244","622",151.058055555556,-34.1022222222222,169,96,48,3747,260,61,199,213,125,214,118,1349,172,60,29,458,217,377,311,"Eucalyptus oblonga",1994,"Eucalyptus","Eucalyptus","Eucalyptus","Pachyphloiae",NA,"oblonga",NA
"245","624",150.378055555556,-33.7452777777778,127,108,46,4446,245,12,233,178,77,182,68,1363,182,59,33,512,205,461,263,"Eucalyptus ligustrina",1994,"Eucalyptus","Eucalyptus","Eucalyptus","Pachyphloiae",NA,"ligustrina",NA
"246","628",150.289444444444,-33.6925,123,106,45,4482,243,11,232,175,72,178,63,1199,152,57,30,434,193,398,239,"Eucalyptus oreades",2000,"Eucalyptus","Eucalyptus","Eucalyptus","Fraxinales",NA,"oreades",NA
"247","629",150.548333333333,-33.6736111111111,150,124,49,4518,272,19,253,202,100,206,90,1218,180,51,37,474,169,439,211,"Eucalyptus sparsifolia",1994,"Eucalyptus","Eucalyptus","Eucalyptus","Pachyphloiae",NA,"sparsifolia",NA
"248","633",150.995277777778,-33.2,169,122,49,4410,284,38,246,219,118,222,109,939,117,35,33,347,133,319,163,"Eucalyptus deanei",1998,"Eucalyptus","Symphyomyrtus","Maidenaria","'Deaneanae' ms",NA,"deanei",NA
"249","640",152.1775,-32.7330555555556,180,92,48,3554,265,76,189,162,177,222,132,1293,165,72,24,409,233,365,362,"Eucalyptus capitellata",1994,"Eucalyptus","Eucalyptus","Eucalyptus","Pachyphloiae",NA,"capitellata",NA
"250","641",151.887222222222,-32.7830555555556,179,98,48,3752,270,69,201,223,135,223,128,1171,137,59,24,363,215,318,293,"Eucalyptus parramattensis subsp. decadens",1994,"Eucalyptus","Symphyomyrtus","Exsertaria","'Liberivalvae' ms",NA,"parramattensis","decadens"
"251","644",152.941388888889,-30.9141666666667,186,104,51,3545,277,74,203,215,144,228,137,1396,187,48,37,515,175,448,251,"Eucalyptus pilularis",1994,"Eucalyptus","Eucalyptus","Eucalyptus","Pseudostringybarks",NA,"pilularis",NA
"252","645",152.853333333333,-30.8163888888889,184,111,51,3690,281,67,214,227,141,228,134,1368,184,45,39,528,162,468,231,"Eucalyptus fusiformis",1994,"Eucalyptus","Symphyomyrtus","Adnataria","Rhodoxyla","Concolores","fusiformis",NA
"253","646",152.853333333333,-30.8163888888889,184,111,51,3690,281,67,214,227,141,228,134,1368,184,45,39,528,162,468,231,"Eucalyptus ancophila",1994,"Eucalyptus","Symphyomyrtus","Adnataria","Rhodoxyla","Discolores","ancophila",NA
"254","647",152.713611111111,-30.3236111111111,149,107,49,3903,249,34,215,193,103,195,96,2018,287,59,46,845,227,763,287,"Eucalyptus nobilis",1994,"Eucalyptus","Symphyomyrtus","Maidenaria","Viminales","Lanceolatae","nobilis",NA
"255","648",152.0325,-30.5330555555556,134,124,50,4441,253,7,246,188,84,188,75,878,132,39,38,337,123,337,140,"Eucalyptus volcanica",1994,"Eucalyptus","Symphyomyrtus","Maidenaria","Globulares","'Clivosae' ms","volcanica",NA
"256","649",152.0325,-30.5330555555556,134,124,50,4441,253,7,246,188,84,188,75,878,132,39,38,337,123,337,140,"Eucalyptus laevopinea",1994,"Eucalyptus","Eucalyptus","Eucalyptus","Pachyphloiae",NA,"laevopinea",NA
"257","651",151.824166666667,-30.5330555555556,132,128,50,4618,256,1,255,188,80,188,70,800,123,40,39,312,123,312,126,"Eucalyptus nicholii",1994,"Eucalyptus","Symphyomyrtus","Maidenaria","Viminales","Lanceolatae","nicholii",NA
"258","653",151.701111111111,-30.4016666666667,130,128,50,4722,255,-1,256,187,67,187,67,784,118,40,37,299,131,299,131,"Eucalyptus banksii",1994,"Eucalyptus","Symphyomyrtus","Maidenaria","Globulares","'Clivosae' ms","banksii",NA
"259","654",151.710833333333,-30.4302777777778,130,128,50,4662,255,0,255,186,67,186,67,785,119,41,37,302,129,302,129,"Eucalyptus youmanii",1994,"Eucalyptus","Eucalyptus","Eucalyptus","Pachyphloiae",NA,"youmanii",NA
"260","655",151.8775,-30.1402777777778,121,117,49,4480,237,-1,238,175,69,175,61,910,134,48,36,351,149,351,153,"Eucalyptus radiata subsp. sejuncta",2000,"Eucalyptus","Eucalyptus","Eucalyptus","Radiatae",NA,"radiata","sejuncta"
"261","656",151.859444444444,-30.1361111111111,117,116,49,4473,233,-3,236,171,65,171,57,932,133,51,34,351,161,351,165,"Eucalyptus nova-anglica",1994,"Eucalyptus","Symphyomyrtus","Maidenaria","Viminales","Lanceolatae","nova-anglica",NA
"262","657",151.7925,-30.1863888888889,116,116,48,4506,233,-4,237,171,65,171,56,917,130,51,33,344,161,344,165,"Eucalyptus acaciiformis",1994,"Eucalyptus","Symphyomyrtus","Maidenaria","Viminales","Lanceolatae","acaciiformis",NA
"263","659",151.461666666667,-29.9833333333333,129,130,49,4871,258,-4,262,178,99,189,64,868,115,43,28,302,157,297,166,"Eucalyptus mckieana",1994,"Eucalyptus","Eucalyptus","Eucalyptus","Pachyphloiae",NA,"mckieana",NA
"264","660",152.2625,-29.5441666666667,147,119,50,4300,259,21,238,198,97,198,88,1188,177,47,43,486,154,486,165,"Eucalyptus williamsiana",1994,"Eucalyptus","Eucalyptus","Eucalyptus","Pachyphloiae",NA,"williamsiana",NA
"265","661",152.248611111111,-29.5288888888889,144,119,50,4306,257,19,238,196,94,196,86,1147,169,48,42,467,156,467,163,"Eucalyptus olida",1997,"Eucalyptus","Eucalyptus","Eucalyptus","Psathyroxyla","Considenianae","olida",NA
"266","662",152.291111111111,-29.5252777777778,135,114,49,4249,245,15,230,186,86,186,77,1240,177,52,40,492,172,492,184,"Eucalyptus cameronii",1994,"Eucalyptus","Eucalyptus","Eucalyptus","Pachyphloiae",NA,"cameronii",NA
"267","663",152.322777777778,-30.4766666666667,117,108,48,4160,225,4,221,165,69,167,61,1247,170,50,34,461,182,449,236,"Eucalyptus planchoniana",1994,"Eucalyptus","Eucalyptus","Eucalyptus","Planchonianae",NA,"planchoniana",NA
"268","664",152.8225,-29.4530555555556,187,119,51,3979,291,59,232,232,141,234,132,1190,173,36,45,480,126,476,159,"Eucalyptus psammitica",1994,"Eucalyptus","Eucalyptus","Eucalyptus","White-mahoganies",NA,"psammitica",NA
"269","666",152.644722222222,-29.3022222222222,184,124,51,4095,293,53,240,233,137,233,127,1182,178,37,48,494,125,494,147,"Eucalyptus fibrosa",1994,"Eucalyptus","Symphyomyrtus","Adnataria","Siderophloiae",NA,"fibrosa",NA
"270","667",152.393888888889,-28.9288888888889,167,118,50,4133,277,44,233,217,120,217,110,1173,182,40,48,496,137,496,151,"Eucalyptus interstans",1994,"Eucalyptus","Symphyomyrtus","Exsertaria","'Liberivalvae' ms",NA,"interstans",NA
"271","668",152.004444444444,-29.0797222222222,146,123,50,4452,262,16,246,200,86,200,86,942,122,46,34,356,154,356,154,"Eucalyptus amplifolia subsp. sessiliflora",1994,"Eucalyptus","Symphyomyrtus","Exsertaria","Exsertae","Erythroxyla","amplifolia","sessiliflora"
"272","669",151.965833333333,-28.8825,136,119,49,4486,251,10,241,190,75,190,75,990,123,53,30,360,172,360,172,"Eucalyptus brunnea",1998,"Eucalyptus","Symphyomyrtus","Maidenaria","'Deaneanae' ms",NA,"brunnea",NA
"273","674",151.907777777778,-28.9008333333333,149,125,49,4605,269,16,253,205,121,205,86,823,105,41,33,303,140,303,140,"Eucalyptus sideroxylon",1994,"Eucalyptus","Symphyomyrtus","Adnataria","Melliodorae",NA,"sideroxylon",NA
"274","675",151.850555555556,-28.7769444444444,154,129,49,4710,276,17,259,210,89,210,89,791,101,40,34,294,134,294,134,"Eucalyptus chloroclada",1994,"Eucalyptus","Symphyomyrtus","Exsertaria","Exsertae","Erythroxyla","chloroclada",NA
"275","679",150.693333333333,-27.1166666666667,191,144,50,5160,323,40,283,245,121,252,121,651,96,30,40,257,102,252,102,"Eucalyptus populnea subsp. populnea",1994,"Eucalyptus","Symphyomyrtus","Adnataria","Buxeales","Subplatyphyllae","populnea","populnea"
"276","680",150.693333333333,-27.1166666666667,191,144,50,5160,323,40,283,245,121,252,121,651,96,30,40,257,102,252,102,"Eucalyptus elegans",1994,"Eucalyptus","Symphyomyrtus","Adnataria","Siderophloiae",NA,"elegans",NA
"277","682",150.483055555556,-27.1341666666667,192,143,50,5197,324,40,284,246,121,253,121,643,91,31,38,247,104,246,104,"Eucalyptus exserta",1994,"Eucalyptus","Symphyomyrtus","Exsertaria","Exsertae","Exsertae","exserta",NA
"278","683",150.483333333333,-27.1325,192,143,50,5197,324,40,284,246,121,253,121,643,91,31,38,247,104,246,104,"Eucalyptus panda",1994,"Eucalyptus","Symphyomyrtus","Adnataria","Siderophloiae",NA,"panda",NA
"279","686",150.734722222222,-26.6311111111111,194,144,50,5060,324,41,283,253,137,253,124,648,98,28,40,259,98,259,101,"Eucalyptus argophloia",1994,"Eucalyptus","Symphyomyrtus","Adnataria","Submelliodorae",NA,"argophloia",NA
"280","689",150.868055555556,-26.3525,189,144,51,4931,318,38,280,247,134,247,121,665,97,30,41,267,100,267,101,"Eucalyptus dura",1994,"Eucalyptus","Symphyomyrtus","Adnataria","Rhodoxyla","Concolores","dura",NA
"281","690",150.048055555556,-26.2672222222222,199,146,50,5175,331,43,288,259,141,259,127,659,93,27,41,268,97,268,103,"Eucalyptus melanophloia subsp. melanophloia",1994,"Eucalyptus","Symphyomyrtus","Adnataria","Siderophloiae",NA,"melanophloia","melanophloia"
"282","697",150.014444444444,-24.7066666666667,211,147,53,4680,334,57,277,265,159,265,145,663,99,24,48,282,84,282,87,"Eucalyptus cambageana",1994,"Eucalyptus","Symphyomyrtus","Adnataria","Buxeales","Amissae","cambageana",NA
"283","698",148.900555555556,-24.5769444444444,208,149,52,4889,338,53,285,264,154,264,140,683,112,21,53,311,79,311,84,"Eucalyptus orgadophila",1994,"Eucalyptus","Symphyomyrtus","Adnataria","Buxeales","Subplatyphyllae","orgadophila",NA
"284","704",149.069444444444,-23.8105555555556,182,138,51,4603,304,38,266,234,130,234,117,775,118,25,50,344,91,344,97,"Eucalyptus sphaerocarpa",1994,"Eucalyptus","Eucalyptus","Eucalyptus","Fraxinales",NA,"sphaerocarpa",NA
"285","712",150.953333333333,-23.8011111111111,222,109,51,3652,315,104,211,264,180,264,170,817,132,25,54,364,88,364,93,"Eucalyptus moluccana",1994,"Eucalyptus","Symphyomyrtus","Adnataria","Subbuxeales",NA,"moluccana",NA
"286","713",151.431666666667,-24.1113888888889,223,102,51,3510,312,112,200,263,182,263,173,1017,172,26,57,470,104,470,119,"Eucalyptus tereticornis subsp. tereticornis",1994,"Eucalyptus","Symphyomyrtus","Exsertaria","Exsertae","Erythroxyla","tereticornis","tereticornis"
"287","715",152.368611111111,-25.1763888888889,213,106,52,3484,303,100,203,251,172,253,164,1074,163,31,50,458,122,457,139,"Eucalyptus latisinensis",1994,"Eucalyptus","Eucalyptus","Eucalyptus","White-mahoganies",NA,"latisinensis",NA
"288","716",152.372222222222,-25.17,213,106,52,3484,303,100,203,251,172,253,164,1074,163,31,50,458,122,457,139,"Eucalyptus hallii",1994,"Eucalyptus","Symphyomyrtus","Exsertaria","Connexentes",NA,"hallii",NA
"289","717",152.580555555556,-26.1355555555556,205,124,52,3899,309,73,236,250,159,250,150,1068,157,34,45,444,135,444,151,"Eucalyptus siderophloia",1994,"Eucalyptus","Symphyomyrtus","Adnataria","Siderophloiae",NA,"siderophloia",NA
"290","718",152.983333333333,-26.8025,201,101,50,3557,288,86,202,240,159,242,151,1722,251,43,48,734,192,669,242,"Eucalyptus racemosa",1994,"Eucalyptus","Eucalyptus","Eucalyptus","Psathyroxyla","Haemastomae","racemosa",NA
"291","719",152.955,-26.8488888888889,200,105,50,3643,289,83,206,240,158,242,149,1649,244,42,48,707,180,654,223,"Eucalyptus conglomerata",1994,"Eucalyptus","Eucalyptus","Eucalyptus","Pachyphloiae",NA,"conglomerata",NA
"292","720",152.880833333333,-26.895,196,108,51,3702,288,78,210,237,153,239,144,1636,242,42,48,700,181,650,224,"Eucalyptus kabiana",1994,"Eucalyptus","Symphyomyrtus","Exsertaria","Exsertae","Erythroxyla","kabiana",NA
"293","722",151.560555555556,-29.7458333333333,140,134,50,4877,269,2,267,189,110,199,74,839,113,41,32,310,142,299,151,"Eucalyptus blakelyi",1994,"Eucalyptus","Symphyomyrtus","Exsertaria","Exsertae","Erythroxyla","blakelyi",NA
"294","723",150.487222222222,-29.9036111111111,165,153,49,5584,315,8,307,235,130,235,92,778,102,40,30,278,145,278,145,"Eucalyptus dealbata",1994,"Eucalyptus","Symphyomyrtus","Exsertaria","Exsertae","Erythroxyla","dealbata",NA
"295","724",150.067777777778,-30.1397222222222,164,146,48,5650,314,13,301,234,89,234,89,817,113,46,28,284,161,284,161,"Eucalyptus dealbata",1994,"Eucalyptus","Symphyomyrtus","Exsertaria","Exsertae","Erythroxyla","dealbata",NA
"296","725",149.471388888889,-30.8247222222222,176,147,48,5646,328,26,302,246,101,246,101,694,104,40,30,244,131,244,131,"Eucalyptus rossii",1994,"Eucalyptus","Eucalyptus","Eucalyptus","Psathyroxyla","Haemastomae","rossii",NA
"297","728",146.691388888889,-31.5511111111111,184,133,44,5844,336,40,296,252,120,258,107,453,56,22,25,153,83,147,89,"Eucalyptus vicina",1994,"Eucalyptus","Symphyomyrtus","Exsertaria","Exsertae","Erythroxyla","vicina",NA
"298","729",146.509166666667,-31.5602777777778,181,131,44,5869,333,39,294,250,117,255,104,458,56,24,24,155,88,145,93,"Eucalyptus viridis",1994,"Eucalyptus","Symphyomyrtus","Adnataria","Subbuxeales",NA,"viridis",NA
"299","730",146.279722222222,-31.5408333333333,182,130,44,5844,332,40,292,250,118,255,105,446,54,24,24,153,87,139,92,"Eucalyptus morrisii",1994,"Eucalyptus","Symphyomyrtus","Exsertaria","Exsertae","Exsertae","morrisii",NA
"300","736",147.073333333333,-33.8922222222222,162,129,44,5763,317,28,289,166,236,236,88,508,52,34,13,140,118,118,121,"Eucalyptus polybractea",1994,"Eucalyptus","Symphyomyrtus","Adnataria","Subbuxeales",NA,"polybractea",NA
"301","737",148.413611111111,-33.9227777777778,148,138,47,5564,308,15,293,111,191,220,77,729,75,51,13,208,162,174,191,"Eucalyptus macrorhyncha subsp. macrorhyncha",1994,"Eucalyptus","Eucalyptus","Eucalyptus","Pachyphloiae",NA,"macrorhyncha","macrorhyncha"
"302","742",150.002777777778,-32.6936111111111,137,127,47,5019,274,6,268,200,106,200,71,776,96,49,22,254,158,254,163,"Eucalyptus polyanthemos subsp. polyanthemos",1994,"Eucalyptus","Symphyomyrtus","Adnataria","Heterophloiae",NA,"polyanthemos","polyanthemos"
"303","743",150.074722222222,-32.6086111111111,148,132,48,5068,286,13,273,211,117,211,81,704,92,42,26,240,137,240,138,"Eucalyptus dawsonii",1994,"Eucalyptus","Symphyomyrtus","Adnataria","Buxeales","Amissae","dawsonii",NA
"304","746",150.228055555556,-32.4036111111111,164,137,48,5092,303,23,280,227,97,227,97,629,91,33,34,233,108,233,108,"Eucalyptus caleyi subsp. caleyi",1994,"Eucalyptus","Symphyomyrtus","Adnataria","Siderophloiae",NA,"caleyi","caleyi"
"305","747",150.222222222222,-32.4038888888889,164,137,48,5092,303,23,280,227,97,227,97,629,91,33,34,233,108,233,108,"Eucalyptus conica",1994,"Eucalyptus","Symphyomyrtus","Adnataria","Heterophloiae",NA,"conica",NA
"306","751",150.047222222222,-32.3019444444444,159,134,48,5142,298,20,278,223,92,223,92,643,90,35,31,229,115,229,115,"Eucalyptus dwyeri",1994,"Eucalyptus","Symphyomyrtus","Exsertaria","Exsertae","Erythroxyla","dwyeri",NA
"307","753",150.166388888889,-31.8611111111111,138,130,47,5207,277,3,274,203,79,203,69,900,118,55,24,301,181,301,190,"Eucalyptus nobilis",1994,"Eucalyptus","Symphyomyrtus","Maidenaria","Viminales","Lanceolatae","nobilis",NA
"308","762",150.102222222222,-32.7466666666667,133,124,47,4970,268,5,263,196,103,196,68,810,101,51,23,267,166,267,167,"Eucalyptus camphora subsp. camphora",1994,"Eucalyptus","Symphyomyrtus","Maidenaria","Foveolatae",NA,"camphora","camphora"
"309","763",150.150833333333,-32.7486111111111,135,125,47,4959,270,7,263,197,79,197,70,801,101,50,24,268,162,268,162,"Eucalyptus tenella",1994,"Eucalyptus","Eucalyptus","Eucalyptus","Pachyphloiae",NA,"tenella",NA
"310","770",150.228055555556,-32.4036111111111,164,137,48,5092,303,23,280,227,97,227,97,629,91,33,34,233,108,233,108,"Eucalyptus corticosa",1994,"Eucalyptus","Symphyomyrtus","Maidenaria","Viminales","Lanceolatae","corticosa",NA
"311","771",150.355277777778,-32.9175,138,123,47,4808,268,10,258,194,83,197,74,852,114,47,28,301,153,300,154,"Eucalyptus multicaulis",1998,"Eucalyptus","Eucalyptus","Eucalyptus","Psathyroxyla","Considenianae","multicaulis",NA
"312","773",150.361944444444,-32.9325,138,123,47,4808,268,10,258,194,83,197,74,852,114,47,28,301,153,300,154,"Eucalyptus bensonii",1994,"Eucalyptus","Eucalyptus","Eucalyptus","Pachyphloiae",NA,"bensonii",NA
"313","776",149.934722222222,-32.8372222222222,140,130,47,5031,279,8,271,203,109,203,74,714,88,42,22,233,143,233,149,"Eucalyptus alligatrix subsp. miscella",1994,"Eucalyptus","Symphyomyrtus","Maidenaria","Viminales","Circulares","alligatrix","miscella"
"314","777",149.966111111111,-32.7122222222222,140,129,47,5035,279,8,271,203,109,203,74,734,91,45,22,241,148,241,153,"Eucalyptus melliodora",1994,"Eucalyptus","Symphyomyrtus","Adnataria","Melliodorae",NA,"melliodora",NA
"315","779",149.923333333333,-33.0577777777778,127,123,47,4906,264,3,261,189,97,189,63,783,92,45,19,246,158,246,165,"Eucalyptus macrorhyncha subsp. cannonii",1994,"Eucalyptus","Eucalyptus","Eucalyptus","Pachyphloiae",NA,"macrorhyncha","cannonii"
"316","781",149.721666666667,-32.8213888888889,128,125,46,5082,269,1,268,193,97,193,62,824,92,55,16,246,177,246,192,"Eucalyptus rossii",1994,"Eucalyptus","Eucalyptus","Eucalyptus","Psathyroxyla","Haemastomae","rossii",NA
"317","783",138.786944444444,-34.3538888888889,158,122,49,4468,300,53,247,108,215,215,102,477,61,17,41,175,57,59,172,"Eucalyptus behriana",1995,"Eucalyptus","Symphyomyrtus","Adnataria","Buxeales","Subplatyphyllae","behriana",NA
"318","804",137.143055555556,-35.9811111111111,152,65,47,2570,229,91,138,120,183,185,120,642,109,16,58,293,57,63,263,"Eucalyptus obliqua",1995,"Eucalyptus","Eucalyptus","Eucalyptus","Eucalyptus",NA,"obliqua",NA
"319","805",136.740555555556,-35.9680555555556,146,63,46,2461,224,88,136,116,176,178,115,698,122,16,61,328,56,63,289,"Eucalyptus ovata subsp. ovata",1995,"Eucalyptus","Symphyomyrtus","Maidenaria","Foveolatae",NA,"ovata","ovata"
"320","812",136.814166666667,-35.9058333333333,145,65,46,2555,226,86,140,114,177,179,114,715,126,17,61,336,58,65,298,"Eucalyptus remota",1995,"Eucalyptus","Eucalyptus","Eucalyptus","Psathyroxyla","Considenianae","remota",NA
"321","815",136.913055555556,-35.7136111111111,142,69,46,2713,227,80,147,109,176,177,109,760,136,17,62,361,61,67,323,"Eucalyptus baxteri",1995,"Eucalyptus","Eucalyptus","Eucalyptus","Pachyphloiae",NA,"baxteri",NA
"322","822",137.531111111111,-35.6930555555556,155,74,47,2874,242,87,155,120,193,193,120,501,83,12,59,231,45,45,231,"Eucalyptus odorata",1995,"Eucalyptus","Symphyomyrtus","Adnataria","Subbuxeales",NA,"odorata",NA
"323","823",137.5225,-35.6972222222222,155,74,47,2874,242,87,155,120,193,193,120,501,83,12,59,231,45,45,231,"Eucalyptus camaldulensis subsp. camaldulensis",1995,"Eucalyptus","Symphyomyrtus","Exsertaria","Exsertae","Rostratae","camaldulensis","camaldulensis"
"324","941",135.688611111111,-34.8294444444444,157,80,50,2809,242,85,157,122,191,193,122,555,99,11,62,263,45,46,263,"Eucalyptus viminalis subsp. cygnetensis",1995,"Eucalyptus","Symphyomyrtus","Maidenaria","Viminales","Lanceolatae","viminalis","cygnetensis"
"325","942",135.698333333333,-34.8397222222222,158,78,50,2722,241,87,154,124,191,193,124,545,97,11,62,257,45,46,257,"Eucalyptus albopurpurea",1995,"Eucalyptus","Symphyomyrtus","Adnataria","Subbuxeales",NA,"albopurpurea",NA
"326","980",141.925833333333,-34.0133333333333,173,137,47,5141,330,44,286,142,210,239,107,286,30,18,16,86,58,60,76,"Eucalyptus largiflorens",1995,"Eucalyptus","Symphyomyrtus","Adnataria","Buxeales","Subplatyphyllae","largiflorens",NA
